User-ID,Persona,Primary_Genre,Secondary_Genre
10000,Crime & Mystery Reader,"Crime, Thriller & Mystery","Fantasy, Horror & Science Fiction, Literature & Fiction"
10001,Children's Book Reader,Children's Books,"Language, Linguistics & Writing, Literature & Fiction"
10002,Arts & Photography Enthusiast,"Arts, Film & Photography","Crafts, Home & Lifestyle, Language, Linguistics & Writing"
10003,Business & Economics Reader,Business & Economics,"Health, Family & Personal Development, Higher Education Textbooks"
10004,Crime & Mystery Reader,"Crime, Thriller & Mystery","Fantasy, Horror & Science Fiction, Literature & Fiction"
10005,Fantasy / Horror / Sci-Fi Reader,"Fantasy, Horror & Science Fiction","Literature & Fiction, Children's Books"
10006,Biography & History Reader,"Biographies, Diaries & True Accounts","History, Language, Linguistics & Writing"
10007,Children's Book Reader,Children's Books,"Language, Linguistics & Writing, Literature & Fiction"
10008,Arts & Photography Enthusiast,"Arts, Film & Photography","Crafts, Home & Lifestyle, Language, Linguistics & Writing"
10009,Engineering Student,Engineering,"Higher Education Textbooks, Exam Preparation"
10010,Children's Book Reader,Children's Books,"Language, Linguistics & Writing, Literature & Fiction"
10011,Arts & Photography Enthusiast,"Arts, Film & Photography","Crafts, Home & Lifestyle, Language, Linguistics & Writing"
10012,Biography & History Reader,"Biographies, Diaries & True Accounts","History, Language, Linguistics & Writing"
10013,Exam Preparation Student,Exam Preparation,"Higher Education Textbooks, Engineering"
10014,Crafts & Lifestyle Reader,"Crafts, Home & Lifestyle","Health, Family & Personal Development, Business & Economics"
10015,Language & Writing Enthusiast,"Language, Linguistics & Writing","Literature & Fiction, Arts, Film & Photography"
10016,History Reader,History,"Biographies, Diaries & True Accounts, Language, Linguistics & Writing"
10017,Higher Education Student,Higher Education Textbooks,"Engineering, Exam Preparation"
10018,Business & Economics Reader,Business & Economics,"Health, Family & Personal Development, Higher Education Textbooks"
10019,Language & Writing Enthusiast,"Language, Linguistics & Writing","Literature & Fiction, Arts, Film & Photography"
10020,Fantasy / Horror / Sci-Fi Reader,"Fantasy, Horror & Science Fiction","Literature & Fiction, Children's Books"
10021,Biography & History Reader,"Biographies, Diaries & True Accounts","History, Language, Linguistics & Writing"
10022,Higher Education Student,Higher Education Textbooks,"Engineering, Exam Preparation"
10023,Health & Self-Help Reader,"Health, Family & Personal Development","Business & Economics, Crafts, Home & Lifestyle"
10024,Language & Writing Enthusiast,"Language, Linguistics & Writing","Literature & Fiction, Arts, Film & Photography"
10025,History Reader,History,"Biographies, Diaries & True Accounts, Language, Linguistics & Writing"
10026,Engineering Student,Engineering,"Higher Education Textbooks, Exam Preparation"
10027,Literature & Fiction Reader,Literature & Fiction,"Fantasy, Horror & Science Fiction, Biographies, Diaries & True Accounts"
10028,Fantasy / Horror / Sci-Fi Reader,"Fantasy, Horror & Science Fiction","Literature & Fiction, Children's Books"
10029,Crafts & Lifestyle Reader,"Crafts, Home & Lifestyle","Health, Family & Personal Development, Business & Economics"
10030,Health & Self-Help Reader,"Health, Family & Personal Development","Business & Economics, Crafts, Home & Lifestyle"
10031,Health & Self-Help Reader,"Health, Family & Personal Development","Business & Economics, Crafts, Home & Lifestyle"
10032,History Reader,History,"Biographies, Diaries & True Accounts, Language, Linguistics & Writing"
10033,Children's Book Reader,Children's Books,"Language, Linguistics & Writing, Literature & Fiction"
10034,Language & Writing Enthusiast,"Language, Linguistics & Writing","Literature & Fiction, Arts, Film & Photography"
10035,Fantasy / Horror / Sci-Fi Reader,"Fantasy, Horror & Science Fiction","Literature & Fiction, Children's Books"
10036,Law & Governance Reader,Law,"Exam Preparation, Higher Education Textbooks"
10037,Biography & History Reader,"Biographies, Diaries & True Accounts","History, Language, Linguistics & Writing"
10038,Exam Preparation Student,Exam Preparation,"Higher Education Textbooks, Engineering"
10039,Business & Economics Reader,Business & Economics,"Health, Family & Personal Development, Higher Education Textbooks"
10040,Higher Education Student,Higher Education Textbooks,"Engineering, Exam Preparation"
10041,Crime & Mystery Reader,"Crime, Thriller & Mystery","Fantasy, Horror & Science Fiction, Literature & Fiction"
10042,History Reader,History,"Biographies, Diaries & True Accounts, Language, Linguistics & Writing"
10043,Health & Self-Help Reader,"Health, Family & Personal Development","Business & Economics, Crafts, Home & Lifestyle"
10044,Engineering Student,Engineering,"Higher Education Textbooks, Exam Preparation"
10045,Business & Economics Reader,Business & Economics,"Health, Family & Personal Development, Higher Education Textbooks"
10046,Biography & History Reader,"Biographies, Diaries & True Accounts","History, Language, Linguistics & Writing"
10047,Literature & Fiction Reader,Literature & Fiction,"Fantasy, Horror & Science Fiction, Biographies, Diaries & True Accounts"
10048,Arts & Photography Enthusiast,"Arts, Film & Photography","Crafts, Home & Lifestyle, Language, Linguistics & Writing"
10049,Law & Governance Reader,Law,"Exam Preparation, Higher Education Textbooks"
10050,Arts & Photography Enthusiast,"Arts, Film & Photography","Crafts, Home & Lifestyle, Language, Linguistics & Writing"
10051,Language & Writing Enthusiast,"Language, Linguistics & Writing","Literature & Fiction, Arts, Film & Photography"
10052,Biography & History Reader,"Biographies, Diaries & True Accounts","History, Language, Linguistics & Writing"
10053,Fantasy / Horror / Sci-Fi Reader,"Fantasy, Horror & Science Fiction","Literature & Fiction, Children's Books"
10054,Literature & Fiction Reader,Literature & Fiction,"Fantasy, Horror & Science Fiction, Biographies, Diaries & True Accounts"
10055,Literature & Fiction Reader,Literature & Fiction,"Fantasy, Horror & Science Fiction, Biographies, Diaries & True Accounts"
10056,Arts & Photography Enthusiast,"Arts, Film & Photography","Crafts, Home & Lifestyle, Language, Linguistics & Writing"
10057,Biography & History Reader,"Biographies, Diaries & True Accounts","History, Language, Linguistics & Writing"
10058,Business & Economics Reader,Business & Economics,"Health, Family & Personal Development, Higher Education Textbooks"
10059,Business & Economics Reader,Business & Economics,"Health, Family & Personal Development, Higher Education Textbooks"
10060,History Reader,History,"Biographies, Diaries & True Accounts, Language, Linguistics & Writing"
10061,Engineering Student,Engineering,"Higher Education Textbooks, Exam Preparation"
10062,History Reader,History,"Biographies, Diaries & True Accounts, Language, Linguistics & Writing"
10063,Biography & History Reader,"Biographies, Diaries & True Accounts","History, Language, Linguistics & Writing"
10064,Biography & History Reader,"Biographies, Diaries & True Accounts","History, Language, Linguistics & Writing"
10065,Arts & Photography Enthusiast,"Arts, Film & Photography","Crafts, Home & Lifestyle, Language, Linguistics & Writing"
10066,Engineering Student,Engineering,"Higher Education Textbooks, Exam Preparation"
10067,Fantasy / Horror / Sci-Fi Reader,"Fantasy, Horror & Science Fiction","Literature & Fiction, Children's Books"
10068,Law & Governance Reader,Law,"Exam Preparation, Higher Education Textbooks"
10069,Business & Economics Reader,Business & Economics,"Health, Family & Personal Development, Higher Education Textbooks"
10070,Business & Economics Reader,Business & Economics,"Health, Family & Personal Development, Higher Education Textbooks"
10071,Health & Self-Help Reader,"Health, Family & Personal Development","Business & Economics, Crafts, Home & Lifestyle"
10072,Biography & History Reader,"Biographies, Diaries & True Accounts","History, Language, Linguistics & Writing"
10073,Health & Self-Help Reader,"Health, Family & Personal Development","Business & Economics, Crafts, Home & Lifestyle"
10074,Engineering Student,Engineering,"Higher Education Textbooks, Exam Preparation"
10075,Engineering Student,Engineering,"Higher Education Textbooks, Exam Preparation"
10076,Crime & Mystery Reader,"Crime, Thriller & Mystery","Fantasy, Horror & Science Fiction, Literature & Fiction"
10077,Crime & Mystery Reader,"Crime, Thriller & Mystery","Fantasy, Horror & Science Fiction, Literature & Fiction"
10078,Language & Writing Enthusiast,"Language, Linguistics & Writing","Literature & Fiction, Arts, Film & Photography"
10079,Language & Writing Enthusiast,"Language, Linguistics & Writing","Literature & Fiction, Arts, Film & Photography"
10080,Fantasy / Horror / Sci-Fi Reader,"Fantasy, Horror & Science Fiction","Literature & Fiction, Children's Books"
10081,Biography & History Reader,"Biographies, Diaries & True Accounts","History, Language, Linguistics & Writing"
10082,Exam Preparation Student,Exam Preparation,"Higher Education Textbooks, Engineering"
10083,History Reader,History,"Biographies, Diaries & True Accounts, Language, Linguistics & Writing"
10084,Engineering Student,Engineering,"Higher Education Textbooks, Exam Preparation"
10085,Engineering Student,Engineering,"Higher Education Textbooks, Exam Preparation"
10086,Law & Governance Reader,Law,"Exam Preparation, Higher Education Textbooks"
10087,Crafts & Lifestyle Reader,"Crafts, Home & Lifestyle","Health, Family & Personal Development, Business & Economics"
10088,Health & Self-Help Reader,"Health, Family & Personal Development","Business & Economics, Crafts, Home & Lifestyle"
10089,Business & Economics Reader,Business & Economics,"Health, Family & Personal Development, Higher Education Textbooks"
10090,Language & Writing Enthusiast,"Language, Linguistics & Writing","Literature & Fiction, Arts, Film & Photography"
10091,Engineering Student,Engineering,"Higher Education Textbooks, Exam Preparation"
10092,Literature & Fiction Reader,Literature & Fiction,"Fantasy, Horror & Science Fiction, Biographies, Diaries & True Accounts"
10093,Health & Self-Help Reader,"Health, Family & Personal Development","Business & Economics, Crafts, Home & Lifestyle"
10094,Exam Preparation Student,Exam Preparation,"Higher Education Textbooks, Engineering"
10095,Fantasy / Horror / Sci-Fi Reader,"Fantasy, Horror & Science Fiction","Literature & Fiction, Children's Books"
10096,Literature & Fiction Reader,Literature & Fiction,"Fantasy, Horror & Science Fiction, Biographies, Diaries & True Accounts"
10097,Arts & Photography Enthusiast,"Arts, Film & Photography","Crafts, Home & Lifestyle, Language, Linguistics & Writing"
10098,Arts & Photography Enthusiast,"Arts, Film & Photography","Crafts, Home & Lifestyle, Language, Linguistics & Writing"
10099,Fantasy / Horror / Sci-Fi Reader,"Fantasy, Horror & Science Fiction","Literature & Fiction, Children's Books"
10100,History Reader,History,"Biographies, Diaries & True Accounts, Language, Linguistics & Writing"
10101,Law & Governance Reader,Law,"Exam Preparation, Higher Education Textbooks"
10102,Language & Writing Enthusiast,"Language, Linguistics & Writing","Literature & Fiction, Arts, Film & Photography"
10103,Language & Writing Enthusiast,"Language, Linguistics & Writing","Literature & Fiction, Arts, Film & Photography"
10104,Business & Economics Reader,Business & Economics,"Health, Family & Personal Development, Higher Education Textbooks"
10105,Engineering Student,Engineering,"Higher Education Textbooks, Exam Preparation"
10106,Crafts & Lifestyle Reader,"Crafts, Home & Lifestyle","Health, Family & Personal Development, Business & Economics"
10107,Law & Governance Reader,Law,"Exam Preparation, Higher Education Textbooks"
10108,Biography & History Reader,"Biographies, Diaries & True Accounts","History, Language, Linguistics & Writing"
10109,Literature & Fiction Reader,Literature & Fiction,"Fantasy, Horror & Science Fiction, Biographies, Diaries & True Accounts"
10110,Language & Writing Enthusiast,"Language, Linguistics & Writing","Literature & Fiction, Arts, Film & Photography"
10111,History Reader,History,"Biographies, Diaries & True Accounts, Language, Linguistics & Writing"
10112,Biography & History Reader,"Biographies, Diaries & True Accounts","History, Language, Linguistics & Writing"
10113,Exam Preparation Student,Exam Preparation,"Higher Education Textbooks, Engineering"
10114,Exam Preparation Student,Exam Preparation,"Higher Education Textbooks, Engineering"
10115,Arts & Photography Enthusiast,"Arts, Film & Photography","Crafts, Home & Lifestyle, Language, Linguistics & Writing"
10116,Fantasy / Horror / Sci-Fi Reader,"Fantasy, Horror & Science Fiction","Literature & Fiction, Children's Books"
10117,Children's Book Reader,Children's Books,"Language, Linguistics & Writing, Literature & Fiction"
10118,Engineering Student,Engineering,"Higher Education Textbooks, Exam Preparation"
10119,Health & Self-Help Reader,"Health, Family & Personal Development","Business & Economics, Crafts, Home & Lifestyle"
10120,Children's Book Reader,Children's Books,"Language, Linguistics & Writing, Literature & Fiction"
10121,History Reader,History,"Biographies, Diaries & True Accounts, Language, Linguistics & Writing"
10122,Children's Book Reader,Children's Books,"Language, Linguistics & Writing, Literature & Fiction"
10123,Fantasy / Horror / Sci-Fi Reader,"Fantasy, Horror & Science Fiction","Literature & Fiction, Children's Books"
10124,Law & Governance Reader,Law,"Exam Preparation, Higher Education Textbooks"
10125,Fantasy / Horror / Sci-Fi Reader,"Fantasy, Horror & Science Fiction","Literature & Fiction, Children's Books"
10126,Arts & Photography Enthusiast,"Arts, Film & Photography","Crafts, Home & Lifestyle, Language, Linguistics & Writing"
10127,Crime & Mystery Reader,"Crime, Thriller & Mystery","Fantasy, Horror & Science Fiction, Literature & Fiction"
10128,Arts & Photography Enthusiast,"Arts, Film & Photography","Crafts, Home & Lifestyle, Language, Linguistics & Writing"
10129,Business & Economics Reader,Business & Economics,"Health, Family & Personal Development, Higher Education Textbooks"
10130,Health & Self-Help Reader,"Health, Family & Personal Development","Business & Economics, Crafts, Home & Lifestyle"
10131,Arts & Photography Enthusiast,"Arts, Film & Photography","Crafts, Home & Lifestyle, Language, Linguistics & Writing"
10132,Language & Writing Enthusiast,"Language, Linguistics & Writing","Literature & Fiction, Arts, Film & Photography"
10133,Arts & Photography Enthusiast,"Arts, Film & Photography","Crafts, Home & Lifestyle, Language, Linguistics & Writing"
10134,Fantasy / Horror / Sci-Fi Reader,"Fantasy, Horror & Science Fiction","Literature & Fiction, Children's Books"
10135,Higher Education Student,Higher Education Textbooks,"Engineering, Exam Preparation"
10136,Biography & History Reader,"Biographies, Diaries & True Accounts","History, Language, Linguistics & Writing"
10137,Law & Governance Reader,Law,"Exam Preparation, Higher Education Textbooks"
10138,Crime & Mystery Reader,"Crime, Thriller & Mystery","Fantasy, Horror & Science Fiction, Literature & Fiction"
10139,Children's Book Reader,Children's Books,"Language, Linguistics & Writing, Literature & Fiction"
10140,History Reader,History,"Biographies, Diaries & True Accounts, Language, Linguistics & Writing"
10141,Language & Writing Enthusiast,"Language, Linguistics & Writing","Literature & Fiction, Arts, Film & Photography"
10142,Arts & Photography Enthusiast,"Arts, Film & Photography","Crafts, Home & Lifestyle, Language, Linguistics & Writing"
10143,Arts & Photography Enthusiast,"Arts, Film & Photography","Crafts, Home & Lifestyle, Language, Linguistics & Writing"
10144,Exam Preparation Student,Exam Preparation,"Higher Education Textbooks, Engineering"
10145,Biography & History Reader,"Biographies, Diaries & True Accounts","History, Language, Linguistics & Writing"
10146,Crafts & Lifestyle Reader,"Crafts, Home & Lifestyle","Health, Family & Personal Development, Business & Economics"
10147,Arts & Photography Enthusiast,"Arts, Film & Photography","Crafts, Home & Lifestyle, Language, Linguistics & Writing"
10148,Exam Preparation Student,Exam Preparation,"Higher Education Textbooks, Engineering"
10149,Fantasy / Horror / Sci-Fi Reader,"Fantasy, Horror & Science Fiction","Literature & Fiction, Children's Books"
10150,Crime & Mystery Reader,"Crime, Thriller & Mystery","Fantasy, Horror & Science Fiction, Literature & Fiction"
10151,Law & Governance Reader,Law,"Exam Preparation, Higher Education Textbooks"
10152,Fantasy / Horror / Sci-Fi Reader,"Fantasy, Horror & Science Fiction","Literature & Fiction, Children's Books"
10153,Business & Economics Reader,Business & Economics,"Health, Family & Personal Development, Higher Education Textbooks"
10154,Exam Preparation Student,Exam Preparation,"Higher Education Textbooks, Engineering"
10155,Arts & Photography Enthusiast,"Arts, Film & Photography","Crafts, Home & Lifestyle, Language, Linguistics & Writing"
10156,Literature & Fiction Reader,Literature & Fiction,"Fantasy, Horror & Science Fiction, Biographies, Diaries & True Accounts"
10157,Business & Economics Reader,Business & Economics,"Health, Family & Personal Development, Higher Education Textbooks"
10158,Children's Book Reader,Children's Books,"Language, Linguistics & Writing, Literature & Fiction"
10159,Crafts & Lifestyle Reader,"Crafts, Home & Lifestyle","Health, Family & Personal Development, Business & Economics"
10160,Crafts & Lifestyle Reader,"Crafts, Home & Lifestyle","Health, Family & Personal Development, Business & Economics"
10161,History Reader,History,"Biographies, Diaries & True Accounts, Language, Linguistics & Writing"
10162,Crime & Mystery Reader,"Crime, Thriller & Mystery","Fantasy, Horror & Science Fiction, Literature & Fiction"
10163,Business & Economics Reader,Business & Economics,"Health, Family & Personal Development, Higher Education Textbooks"
10164,Crafts & Lifestyle Reader,"Crafts, Home & Lifestyle","Health, Family & Personal Development, Business & Economics"
10165,Children's Book Reader,Children's Books,"Language, Linguistics & Writing, Literature & Fiction"
10166,History Reader,History,"Biographies, Diaries & True Accounts, Language, Linguistics & Writing"
10167,Children's Book Reader,Children's Books,"Language, Linguistics & Writing, Literature & Fiction"
10168,Children's Book Reader,Children's Books,"Language, Linguistics & Writing, Literature & Fiction"
10169,Health & Self-Help Reader,"Health, Family & Personal Development","Business & Economics, Crafts, Home & Lifestyle"
10170,Engineering Student,Engineering,"Higher Education Textbooks, Exam Preparation"
10171,Business & Economics Reader,Business & Economics,"Health, Family & Personal Development, Higher Education Textbooks"
10172,Engineering Student,Engineering,"Higher Education Textbooks, Exam Preparation"
10173,Law & Governance Reader,Law,"Exam Preparation, Higher Education Textbooks"
10174,Fantasy / Horror / Sci-Fi Reader,"Fantasy, Horror & Science Fiction","Literature & Fiction, Children's Books"
10175,Fantasy / Horror / Sci-Fi Reader,"Fantasy, Horror & Science Fiction","Literature & Fiction, Children's Books"
10176,Biography & History Reader,"Biographies, Diaries & True Accounts","History, Language, Linguistics & Writing"
10177,Literature & Fiction Reader,Literature & Fiction,"Fantasy, Horror & Science Fiction, Biographies, Diaries & True Accounts"
10178,Arts & Photography Enthusiast,"Arts, Film & Photography","Crafts, Home & Lifestyle, Language, Linguistics & Writing"
10179,Health & Self-Help Reader,"Health, Family & Personal Development","Business & Economics, Crafts, Home & Lifestyle"
10180,Health & Self-Help Reader,"Health, Family & Personal Development","Business & Economics, Crafts, Home & Lifestyle"
10181,Biography & History Reader,"Biographies, Diaries & True Accounts","History, Language, Linguistics & Writing"
10182,Health & Self-Help Reader,"Health, Family & Personal Development","Business & Economics, Crafts, Home & Lifestyle"
10183,Higher Education Student,Higher Education Textbooks,"Engineering, Exam Preparation"
10184,Arts & Photography Enthusiast,"Arts, Film & Photography","Crafts, Home & Lifestyle, Language, Linguistics & Writing"
10185,Arts & Photography Enthusiast,"Arts, Film & Photography","Crafts, Home & Lifestyle, Language, Linguistics & Writing"
10186,Biography & History Reader,"Biographies, Diaries & True Accounts","History, Language, Linguistics & Writing"
10187,Crime & Mystery Reader,"Crime, Thriller & Mystery","Fantasy, Horror & Science Fiction, Literature & Fiction"
10188,Exam Preparation Student,Exam Preparation,"Higher Education Textbooks, Engineering"
10189,Literature & Fiction Reader,Literature & Fiction,"Fantasy, Horror & Science Fiction, Biographies, Diaries & True Accounts"
10190,Children's Book Reader,Children's Books,"Language, Linguistics & Writing, Literature & Fiction"
10191,Health & Self-Help Reader,"Health, Family & Personal Development","Business & Economics, Crafts, Home & Lifestyle"
10192,Fantasy / Horror / Sci-Fi Reader,"Fantasy, Horror & Science Fiction","Literature & Fiction, Children's Books"
10193,Engineering Student,Engineering,"Higher Education Textbooks, Exam Preparation"
10194,Engineering Student,Engineering,"Higher Education Textbooks, Exam Preparation"
10195,Business & Economics Reader,Business & Economics,"Health, Family & Personal Development, Higher Education Textbooks"
10196,Literature & Fiction Reader,Literature & Fiction,"Fantasy, Horror & Science Fiction, Biographies, Diaries & True Accounts"
10197,Literature & Fiction Reader,Literature & Fiction,"Fantasy, Horror & Science Fiction, Biographies, Diaries & True Accounts"
10198,Higher Education Student,Higher Education Textbooks,"Engineering, Exam Preparation"
10199,Business & Economics Reader,Business & Economics,"Health, Family & Personal Development, Higher Education Textbooks"
10200,Law & Governance Reader,Law,"Exam Preparation, Higher Education Textbooks"
10201,History Reader,History,"Biographies, Diaries & True Accounts, Language, Linguistics & Writing"
10202,Health & Self-Help Reader,"Health, Family & Personal Development","Business & Economics, Crafts, Home & Lifestyle"
10203,Children's Book Reader,Children's Books,"Language, Linguistics & Writing, Literature & Fiction"
10204,Crafts & Lifestyle Reader,"Crafts, Home & Lifestyle","Health, Family & Personal Development, Business & Economics"
10205,Literature & Fiction Reader,Literature & Fiction,"Fantasy, Horror & Science Fiction, Biographies, Diaries & True Accounts"
10206,Crafts & Lifestyle Reader,"Crafts, Home & Lifestyle","Health, Family & Personal Development, Business & Economics"
10207,Literature & Fiction Reader,Literature & Fiction,"Fantasy, Horror & Science Fiction, Biographies, Diaries & True Accounts"
10208,History Reader,History,"Biographies, Diaries & True Accounts, Language, Linguistics & Writing"
10209,Business & Economics Reader,Business & Economics,"Health, Family & Personal Development, Higher Education Textbooks"
10210,Crafts & Lifestyle Reader,"Crafts, Home & Lifestyle","Health, Family & Personal Development, Business & Economics"
10211,Arts & Photography Enthusiast,"Arts, Film & Photography","Crafts, Home & Lifestyle, Language, Linguistics & Writing"
10212,Arts & Photography Enthusiast,"Arts, Film & Photography","Crafts, Home & Lifestyle, Language, Linguistics & Writing"
10213,Engineering Student,Engineering,"Higher Education Textbooks, Exam Preparation"
10214,Crafts & Lifestyle Reader,"Crafts, Home & Lifestyle","Health, Family & Personal Development, Business & Economics"
10215,Fantasy / Horror / Sci-Fi Reader,"Fantasy, Horror & Science Fiction","Literature & Fiction, Children's Books"
10216,Law & Governance Reader,Law,"Exam Preparation, Higher Education Textbooks"
10217,Children's Book Reader,Children's Books,"Language, Linguistics & Writing, Literature & Fiction"
10218,Higher Education Student,Higher Education Textbooks,"Engineering, Exam Preparation"
10219,Crime & Mystery Reader,"Crime, Thriller & Mystery","Fantasy, Horror & Science Fiction, Literature & Fiction"
10220,Business & Economics Reader,Business & Economics,"Health, Family & Personal Development, Higher Education Textbooks"
10221,Engineering Student,Engineering,"Higher Education Textbooks, Exam Preparation"
10222,Engineering Student,Engineering,"Higher Education Textbooks, Exam Preparation"
10223,Fantasy / Horror / Sci-Fi Reader,"Fantasy, Horror & Science Fiction","Literature & Fiction, Children's Books"
10224,Literature & Fiction Reader,Literature & Fiction,"Fantasy, Horror & Science Fiction, Biographies, Diaries & True Accounts"
10225,Engineering Student,Engineering,"Higher Education Textbooks, Exam Preparation"
10226,Law & Governance Reader,Law,"Exam Preparation, Higher Education Textbooks"
10227,Health & Self-Help Reader,"Health, Family & Personal Development","Business & Economics, Crafts, Home & Lifestyle"
10228,Business & Economics Reader,Business & Economics,"Health, Family & Personal Development, Higher Education Textbooks"
10229,Business & Economics Reader,Business & Economics,"Health, Family & Personal Development, Higher Education Textbooks"
10230,Crafts & Lifestyle Reader,"Crafts, Home & Lifestyle","Health, Family & Personal Development, Business & Economics"
10231,Literature & Fiction Reader,Literature & Fiction,"Fantasy, Horror & Science Fiction, Biographies, Diaries & True Accounts"
10232,Literature & Fiction Reader,Literature & Fiction,"Fantasy, Horror & Science Fiction, Biographies, Diaries & True Accounts"
10233,Arts & Photography Enthusiast,"Arts, Film & Photography","Crafts, Home & Lifestyle, Language, Linguistics & Writing"
10234,Crime & Mystery Reader,"Crime, Thriller & Mystery","Fantasy, Horror & Science Fiction, Literature & Fiction"
10235,Higher Education Student,Higher Education Textbooks,"Engineering, Exam Preparation"
10236,Literature & Fiction Reader,Literature & Fiction,"Fantasy, Horror & Science Fiction, Biographies, Diaries & True Accounts"
10237,Health & Self-Help Reader,"Health, Family & Personal Development","Business & Economics, Crafts, Home & Lifestyle"
10238,Literature & Fiction Reader,Literature & Fiction,"Fantasy, Horror & Science Fiction, Biographies, Diaries & True Accounts"
10239,Law & Governance Reader,Law,"Exam Preparation, Higher Education Textbooks"
10240,Language & Writing Enthusiast,"Language, Linguistics & Writing","Literature & Fiction, Arts, Film & Photography"
10241,Literature & Fiction Reader,Literature & Fiction,"Fantasy, Horror & Science Fiction, Biographies, Diaries & True Accounts"
10242,Children's Book Reader,Children's Books,"Language, Linguistics & Writing, Literature & Fiction"
10243,History Reader,History,"Biographies, Diaries & True Accounts, Language, Linguistics & Writing"
10244,Language & Writing Enthusiast,"Language, Linguistics & Writing","Literature & Fiction, Arts, Film & Photography"
10245,Language & Writing Enthusiast,"Language, Linguistics & Writing","Literature & Fiction, Arts, Film & Photography"
10246,Crafts & Lifestyle Reader,"Crafts, Home & Lifestyle","Health, Family & Personal Development, Business & Economics"
10247,Language & Writing Enthusiast,"Language, Linguistics & Writing","Literature & Fiction, Arts, Film & Photography"
10248,Biography & History Reader,"Biographies, Diaries & True Accounts","History, Language, Linguistics & Writing"
10249,Law & Governance Reader,Law,"Exam Preparation, Higher Education Textbooks"
10250,Arts & Photography Enthusiast,"Arts, Film & Photography","Crafts, Home & Lifestyle, Language, Linguistics & Writing"
10251,Law & Governance Reader,Law,"Exam Preparation, Higher Education Textbooks"
10252,Higher Education Student,Higher Education Textbooks,"Engineering, Exam Preparation"
10253,Law & Governance Reader,Law,"Exam Preparation, Higher Education Textbooks"
10254,Arts & Photography Enthusiast,"Arts, Film & Photography","Crafts, Home & Lifestyle, Language, Linguistics & Writing"
10255,Crime & Mystery Reader,"Crime, Thriller & Mystery","Fantasy, Horror & Science Fiction, Literature & Fiction"
10256,Biography & History Reader,"Biographies, Diaries & True Accounts","History, Language, Linguistics & Writing"
10257,Crafts & Lifestyle Reader,"Crafts, Home & Lifestyle","Health, Family & Personal Development, Business & Economics"
10258,Language & Writing Enthusiast,"Language, Linguistics & Writing","Literature & Fiction, Arts, Film & Photography"
10259,Higher Education Student,Higher Education Textbooks,"Engineering, Exam Preparation"
10260,Biography & History Reader,"Biographies, Diaries & True Accounts","History, Language, Linguistics & Writing"
10261,Higher Education Student,Higher Education Textbooks,"Engineering, Exam Preparation"
10262,Fantasy / Horror / Sci-Fi Reader,"Fantasy, Horror & Science Fiction","Literature & Fiction, Children's Books"
10263,Business & Economics Reader,Business & Economics,"Health, Family & Personal Development, Higher Education Textbooks"
10264,Crafts & Lifestyle Reader,"Crafts, Home & Lifestyle","Health, Family & Personal Development, Business & Economics"
10265,Fantasy / Horror / Sci-Fi Reader,"Fantasy, Horror & Science Fiction","Literature & Fiction, Children's Books"
10266,Biography & History Reader,"Biographies, Diaries & True Accounts","History, Language, Linguistics & Writing"
10267,History Reader,History,"Biographies, Diaries & True Accounts, Language, Linguistics & Writing"
10268,Biography & History Reader,"Biographies, Diaries & True Accounts","History, Language, Linguistics & Writing"
10269,Engineering Student,Engineering,"Higher Education Textbooks, Exam Preparation"
10270,Biography & History Reader,"Biographies, Diaries & True Accounts","History, Language, Linguistics & Writing"
10271,Arts & Photography Enthusiast,"Arts, Film & Photography","Crafts, Home & Lifestyle, Language, Linguistics & Writing"
10272,Children's Book Reader,Children's Books,"Language, Linguistics & Writing, Literature & Fiction"
10273,Children's Book Reader,Children's Books,"Language, Linguistics & Writing, Literature & Fiction"
10274,Literature & Fiction Reader,Literature & Fiction,"Fantasy, Horror & Science Fiction, Biographies, Diaries & True Accounts"
10275,Crime & Mystery Reader,"Crime, Thriller & Mystery","Fantasy, Horror & Science Fiction, Literature & Fiction"
10276,Higher Education Student,Higher Education Textbooks,"Engineering, Exam Preparation"
10277,Fantasy / Horror / Sci-Fi Reader,"Fantasy, Horror & Science Fiction","Literature & Fiction, Children's Books"
10278,Health & Self-Help Reader,"Health, Family & Personal Development","Business & Economics, Crafts, Home & Lifestyle"
10279,Crime & Mystery Reader,"Crime, Thriller & Mystery","Fantasy, Horror & Science Fiction, Literature & Fiction"
10280,History Reader,History,"Biographies, Diaries & True Accounts, Language, Linguistics & Writing"
10281,Engineering Student,Engineering,"Higher Education Textbooks, Exam Preparation"
10282,Crime & Mystery Reader,"Crime, Thriller & Mystery","Fantasy, Horror & Science Fiction, Literature & Fiction"
10283,Higher Education Student,Higher Education Textbooks,"Engineering, Exam Preparation"
10284,History Reader,History,"Biographies, Diaries & True Accounts, Language, Linguistics & Writing"
10285,Engineering Student,Engineering,"Higher Education Textbooks, Exam Preparation"
10286,Arts & Photography Enthusiast,"Arts, Film & Photography","Crafts, Home & Lifestyle, Language, Linguistics & Writing"
10287,Crime & Mystery Reader,"Crime, Thriller & Mystery","Fantasy, Horror & Science Fiction, Literature & Fiction"
10288,Crime & Mystery Reader,"Crime, Thriller & Mystery","Fantasy, Horror & Science Fiction, Literature & Fiction"
10289,Health & Self-Help Reader,"Health, Family & Personal Development","Business & Economics, Crafts, Home & Lifestyle"
10290,Crafts & Lifestyle Reader,"Crafts, Home & Lifestyle","Health, Family & Personal Development, Business & Economics"
10291,Engineering Student,Engineering,"Higher Education Textbooks, Exam Preparation"
10292,Crafts & Lifestyle Reader,"Crafts, Home & Lifestyle","Health, Family & Personal Development, Business & Economics"
10293,Arts & Photography Enthusiast,"Arts, Film & Photography","Crafts, Home & Lifestyle, Language, Linguistics & Writing"
10294,Language & Writing Enthusiast,"Language, Linguistics & Writing","Literature & Fiction, Arts, Film & Photography"
10295,Health & Self-Help Reader,"Health, Family & Personal Development","Business & Economics, Crafts, Home & Lifestyle"
10296,Exam Preparation Student,Exam Preparation,"Higher Education Textbooks, Engineering"
10297,Exam Preparation Student,Exam Preparation,"Higher Education Textbooks, Engineering"
10298,Engineering Student,Engineering,"Higher Education Textbooks, Exam Preparation"
10299,Language & Writing Enthusiast,"Language, Linguistics & Writing","Literature & Fiction, Arts, Film & Photography"
10300,Crime & Mystery Reader,"Crime, Thriller & Mystery","Fantasy, Horror & Science Fiction, Literature & Fiction"
10301,Crafts & Lifestyle Reader,"Crafts, Home & Lifestyle","Health, Family & Personal Development, Business & Economics"
10302,Crime & Mystery Reader,"Crime, Thriller & Mystery","Fantasy, Horror & Science Fiction, Literature & Fiction"
10303,Higher Education Student,Higher Education Textbooks,"Engineering, Exam Preparation"
10304,Law & Governance Reader,Law,"Exam Preparation, Higher Education Textbooks"
10305,Crime & Mystery Reader,"Crime, Thriller & Mystery","Fantasy, Horror & Science Fiction, Literature & Fiction"
10306,Arts & Photography Enthusiast,"Arts, Film & Photography","Crafts, Home & Lifestyle, Language, Linguistics & Writing"
10307,Business & Economics Reader,Business & Economics,"Health, Family & Personal Development, Higher Education Textbooks"
10308,Children's Book Reader,Children's Books,"Language, Linguistics & Writing, Literature & Fiction"
10309,Exam Preparation Student,Exam Preparation,"Higher Education Textbooks, Engineering"
10310,Law & Governance Reader,Law,"Exam Preparation, Higher Education Textbooks"
10311,Exam Preparation Student,Exam Preparation,"Higher Education Textbooks, Engineering"
10312,Literature & Fiction Reader,Literature & Fiction,"Fantasy, Horror & Science Fiction, Biographies, Diaries & True Accounts"
10313,Health & Self-Help Reader,"Health, Family & Personal Development","Business & Economics, Crafts, Home & Lifestyle"
10314,History Reader,History,"Biographies, Diaries & True Accounts, Language, Linguistics & Writing"
10315,Exam Preparation Student,Exam Preparation,"Higher Education Textbooks, Engineering"
10316,Arts & Photography Enthusiast,"Arts, Film & Photography","Crafts, Home & Lifestyle, Language, Linguistics & Writing"
10317,Crime & Mystery Reader,"Crime, Thriller & Mystery","Fantasy, Horror & Science Fiction, Literature & Fiction"
10318,Literature & Fiction Reader,Literature & Fiction,"Fantasy, Horror & Science Fiction, Biographies, Diaries & True Accounts"
10319,Language & Writing Enthusiast,"Language, Linguistics & Writing","Literature & Fiction, Arts, Film & Photography"
10320,Arts & Photography Enthusiast,"Arts, Film & Photography","Crafts, Home & Lifestyle, Language, Linguistics & Writing"
10321,Language & Writing Enthusiast,"Language, Linguistics & Writing","Literature & Fiction, Arts, Film & Photography"
10322,Exam Preparation Student,Exam Preparation,"Higher Education Textbooks, Engineering"
10323,Engineering Student,Engineering,"Higher Education Textbooks, Exam Preparation"
10324,Literature & Fiction Reader,Literature & Fiction,"Fantasy, Horror & Science Fiction, Biographies, Diaries & True Accounts"
10325,Exam Preparation Student,Exam Preparation,"Higher Education Textbooks, Engineering"
10326,Language & Writing Enthusiast,"Language, Linguistics & Writing","Literature & Fiction, Arts, Film & Photography"
10327,Crime & Mystery Reader,"Crime, Thriller & Mystery","Fantasy, Horror & Science Fiction, Literature & Fiction"
10328,Engineering Student,Engineering,"Higher Education Textbooks, Exam Preparation"
10329,Higher Education Student,Higher Education Textbooks,"Engineering, Exam Preparation"
10330,Health & Self-Help Reader,"Health, Family & Personal Development","Business & Economics, Crafts, Home & Lifestyle"
10331,Biography & History Reader,"Biographies, Diaries & True Accounts","History, Language, Linguistics & Writing"
10332,Exam Preparation Student,Exam Preparation,"Higher Education Textbooks, Engineering"
10333,History Reader,History,"Biographies, Diaries & True Accounts, Language, Linguistics & Writing"
10334,Exam Preparation Student,Exam Preparation,"Higher Education Textbooks, Engineering"
10335,Language & Writing Enthusiast,"Language, Linguistics & Writing","Literature & Fiction, Arts, Film & Photography"
10336,Law & Governance Reader,Law,"Exam Preparation, Higher Education Textbooks"
10337,Language & Writing Enthusiast,"Language, Linguistics & Writing","Literature & Fiction, Arts, Film & Photography"
10338,Exam Preparation Student,Exam Preparation,"Higher Education Textbooks, Engineering"
10339,Arts & Photography Enthusiast,"Arts, Film & Photography","Crafts, Home & Lifestyle, Language, Linguistics & Writing"
10340,Exam Preparation Student,Exam Preparation,"Higher Education Textbooks, Engineering"
10341,History Reader,History,"Biographies, Diaries & True Accounts, Language, Linguistics & Writing"
10342,Arts & Photography Enthusiast,"Arts, Film & Photography","Crafts, Home & Lifestyle, Language, Linguistics & Writing"
10343,Higher Education Student,Higher Education Textbooks,"Engineering, Exam Preparation"
10344,Literature & Fiction Reader,Literature & Fiction,"Fantasy, Horror & Science Fiction, Biographies, Diaries & True Accounts"
10345,Fantasy / Horror / Sci-Fi Reader,"Fantasy, Horror & Science Fiction","Literature & Fiction, Children's Books"
10346,Business & Economics Reader,Business & Economics,"Health, Family & Personal Development, Higher Education Textbooks"
10347,Biography & History Reader,"Biographies, Diaries & True Accounts","History, Language, Linguistics & Writing"
10348,History Reader,History,"Biographies, Diaries & True Accounts, Language, Linguistics & Writing"
10349,Fantasy / Horror / Sci-Fi Reader,"Fantasy, Horror & Science Fiction","Literature & Fiction, Children's Books"
10350,Biography & History Reader,"Biographies, Diaries & True Accounts","History, Language, Linguistics & Writing"
10351,Engineering Student,Engineering,"Higher Education Textbooks, Exam Preparation"
10352,Biography & History Reader,"Biographies, Diaries & True Accounts","History, Language, Linguistics & Writing"
10353,Arts & Photography Enthusiast,"Arts, Film & Photography","Crafts, Home & Lifestyle, Language, Linguistics & Writing"
10354,Biography & History Reader,"Biographies, Diaries & True Accounts","History, Language, Linguistics & Writing"
10355,History Reader,History,"Biographies, Diaries & True Accounts, Language, Linguistics & Writing"
10356,Law & Governance Reader,Law,"Exam Preparation, Higher Education Textbooks"
10357,Biography & History Reader,"Biographies, Diaries & True Accounts","History, Language, Linguistics & Writing"
10358,Children's Book Reader,Children's Books,"Language, Linguistics & Writing, Literature & Fiction"
10359,Crafts & Lifestyle Reader,"Crafts, Home & Lifestyle","Health, Family & Personal Development, Business & Economics"
10360,Law & Governance Reader,Law,"Exam Preparation, Higher Education Textbooks"
10361,Engineering Student,Engineering,"Higher Education Textbooks, Exam Preparation"
10362,Language & Writing Enthusiast,"Language, Linguistics & Writing","Literature & Fiction, Arts, Film & Photography"
10363,Literature & Fiction Reader,Literature & Fiction,"Fantasy, Horror & Science Fiction, Biographies, Diaries & True Accounts"
10364,Exam Preparation Student,Exam Preparation,"Higher Education Textbooks, Engineering"
10365,Crafts & Lifestyle Reader,"Crafts, Home & Lifestyle","Health, Family & Personal Development, Business & Economics"
10366,Exam Preparation Student,Exam Preparation,"Higher Education Textbooks, Engineering"
10367,Biography & History Reader,"Biographies, Diaries & True Accounts","History, Language, Linguistics & Writing"
10368,Crime & Mystery Reader,"Crime, Thriller & Mystery","Fantasy, Horror & Science Fiction, Literature & Fiction"
10369,History Reader,History,"Biographies, Diaries & True Accounts, Language, Linguistics & Writing"
10370,Law & Governance Reader,Law,"Exam Preparation, Higher Education Textbooks"
10371,Literature & Fiction Reader,Literature & Fiction,"Fantasy, Horror & Science Fiction, Biographies, Diaries & True Accounts"
10372,Health & Self-Help Reader,"Health, Family & Personal Development","Business & Economics, Crafts, Home & Lifestyle"
10373,Children's Book Reader,Children's Books,"Language, Linguistics & Writing, Literature & Fiction"
10374,Health & Self-Help Reader,"Health, Family & Personal Development","Business & Economics, Crafts, Home & Lifestyle"
10375,Crime & Mystery Reader,"Crime, Thriller & Mystery","Fantasy, Horror & Science Fiction, Literature & Fiction"
10376,Fantasy / Horror / Sci-Fi Reader,"Fantasy, Horror & Science Fiction","Literature & Fiction, Children's Books"
10377,Business & Economics Reader,Business & Economics,"Health, Family & Personal Development, Higher Education Textbooks"
10378,Business & Economics Reader,Business & Economics,"Health, Family & Personal Development, Higher Education Textbooks"
10379,Crafts & Lifestyle Reader,"Crafts, Home & Lifestyle","Health, Family & Personal Development, Business & Economics"
10380,Higher Education Student,Higher Education Textbooks,"Engineering, Exam Preparation"
10381,Exam Preparation Student,Exam Preparation,"Higher Education Textbooks, Engineering"
10382,Higher Education Student,Higher Education Textbooks,"Engineering, Exam Preparation"
10383,Crafts & Lifestyle Reader,"Crafts, Home & Lifestyle","Health, Family & Personal Development, Business & Economics"
10384,Crafts & Lifestyle Reader,"Crafts, Home & Lifestyle","Health, Family & Personal Development, Business & Economics"
10385,Exam Preparation Student,Exam Preparation,"Higher Education Textbooks, Engineering"
10386,History Reader,History,"Biographies, Diaries & True Accounts, Language, Linguistics & Writing"
10387,Children's Book Reader,Children's Books,"Language, Linguistics & Writing, Literature & Fiction"
10388,Arts & Photography Enthusiast,"Arts, Film & Photography","Crafts, Home & Lifestyle, Language, Linguistics & Writing"
10389,Language & Writing Enthusiast,"Language, Linguistics & Writing","Literature & Fiction, Arts, Film & Photography"
10390,Language & Writing Enthusiast,"Language, Linguistics & Writing","Literature & Fiction, Arts, Film & Photography"
10391,Arts & Photography Enthusiast,"Arts, Film & Photography","Crafts, Home & Lifestyle, Language, Linguistics & Writing"
10392,Law & Governance Reader,Law,"Exam Preparation, Higher Education Textbooks"
10393,Health & Self-Help Reader,"Health, Family & Personal Development","Business & Economics, Crafts, Home & Lifestyle"
10394,Arts & Photography Enthusiast,"Arts, Film & Photography","Crafts, Home & Lifestyle, Language, Linguistics & Writing"
10395,Exam Preparation Student,Exam Preparation,"Higher Education Textbooks, Engineering"
10396,Health & Self-Help Reader,"Health, Family & Personal Development","Business & Economics, Crafts, Home & Lifestyle"
10397,Exam Preparation Student,Exam Preparation,"Higher Education Textbooks, Engineering"
10398,Language & Writing Enthusiast,"Language, Linguistics & Writing","Literature & Fiction, Arts, Film & Photography"
10399,Business & Economics Reader,Business & Economics,"Health, Family & Personal Development, Higher Education Textbooks"
10400,Health & Self-Help Reader,"Health, Family & Personal Development","Business & Economics, Crafts, Home & Lifestyle"
10401,Language & Writing Enthusiast,"Language, Linguistics & Writing","Literature & Fiction, Arts, Film & Photography"
10402,Crafts & Lifestyle Reader,"Crafts, Home & Lifestyle","Health, Family & Personal Development, Business & Economics"
10403,Health & Self-Help Reader,"Health, Family & Personal Development","Business & Economics, Crafts, Home & Lifestyle"
10404,Literature & Fiction Reader,Literature & Fiction,"Fantasy, Horror & Science Fiction, Biographies, Diaries & True Accounts"
10405,Health & Self-Help Reader,"Health, Family & Personal Development","Business & Economics, Crafts, Home & Lifestyle"
10406,Biography & History Reader,"Biographies, Diaries & True Accounts","History, Language, Linguistics & Writing"
10407,Fantasy / Horror / Sci-Fi Reader,"Fantasy, Horror & Science Fiction","Literature & Fiction, Children's Books"
10408,History Reader,History,"Biographies, Diaries & True Accounts, Language, Linguistics & Writing"
10409,Arts & Photography Enthusiast,"Arts, Film & Photography","Crafts, Home & Lifestyle, Language, Linguistics & Writing"
10410,History Reader,History,"Biographies, Diaries & True Accounts, Language, Linguistics & Writing"
10411,Law & Governance Reader,Law,"Exam Preparation, Higher Education Textbooks"
10412,Language & Writing Enthusiast,"Language, Linguistics & Writing","Literature & Fiction, Arts, Film & Photography"
10413,Language & Writing Enthusiast,"Language, Linguistics & Writing","Literature & Fiction, Arts, Film & Photography"
10414,Language & Writing Enthusiast,"Language, Linguistics & Writing","Literature & Fiction, Arts, Film & Photography"
10415,Higher Education Student,Higher Education Textbooks,"Engineering, Exam Preparation"
10416,Biography & History Reader,"Biographies, Diaries & True Accounts","History, Language, Linguistics & Writing"
10417,Fantasy / Horror / Sci-Fi Reader,"Fantasy, Horror & Science Fiction","Literature & Fiction, Children's Books"
10418,Crime & Mystery Reader,"Crime, Thriller & Mystery","Fantasy, Horror & Science Fiction, Literature & Fiction"
10419,Children's Book Reader,Children's Books,"Language, Linguistics & Writing, Literature & Fiction"
10420,Law & Governance Reader,Law,"Exam Preparation, Higher Education Textbooks"
10421,Fantasy / Horror / Sci-Fi Reader,"Fantasy, Horror & Science Fiction","Literature & Fiction, Children's Books"
10422,Higher Education Student,Higher Education Textbooks,"Engineering, Exam Preparation"
10423,History Reader,History,"Biographies, Diaries & True Accounts, Language, Linguistics & Writing"
10424,Biography & History Reader,"Biographies, Diaries & True Accounts","History, Language, Linguistics & Writing"
10425,History Reader,History,"Biographies, Diaries & True Accounts, Language, Linguistics & Writing"
10426,Crime & Mystery Reader,"Crime, Thriller & Mystery","Fantasy, Horror & Science Fiction, Literature & Fiction"
10427,Health & Self-Help Reader,"Health, Family & Personal Development","Business & Economics, Crafts, Home & Lifestyle"
10428,Language & Writing Enthusiast,"Language, Linguistics & Writing","Literature & Fiction, Arts, Film & Photography"
10429,Exam Preparation Student,Exam Preparation,"Higher Education Textbooks, Engineering"
10430,Law & Governance Reader,Law,"Exam Preparation, Higher Education Textbooks"
10431,Crafts & Lifestyle Reader,"Crafts, Home & Lifestyle","Health, Family & Personal Development, Business & Economics"
10432,Law & Governance Reader,Law,"Exam Preparation, Higher Education Textbooks"
10433,Law & Governance Reader,Law,"Exam Preparation, Higher Education Textbooks"
10434,Crafts & Lifestyle Reader,"Crafts, Home & Lifestyle","Health, Family & Personal Development, Business & Economics"
10435,Arts & Photography Enthusiast,"Arts, Film & Photography","Crafts, Home & Lifestyle, Language, Linguistics & Writing"
10436,Health & Self-Help Reader,"Health, Family & Personal Development","Business & Economics, Crafts, Home & Lifestyle"
10437,Crime & Mystery Reader,"Crime, Thriller & Mystery","Fantasy, Horror & Science Fiction, Literature & Fiction"
10438,Higher Education Student,Higher Education Textbooks,"Engineering, Exam Preparation"
10439,Exam Preparation Student,Exam Preparation,"Higher Education Textbooks, Engineering"
10440,Business & Economics Reader,Business & Economics,"Health, Family & Personal Development, Higher Education Textbooks"
10441,Arts & Photography Enthusiast,"Arts, Film & Photography","Crafts, Home & Lifestyle, Language, Linguistics & Writing"
10442,Language & Writing Enthusiast,"Language, Linguistics & Writing","Literature & Fiction, Arts, Film & Photography"
10443,Higher Education Student,Higher Education Textbooks,"Engineering, Exam Preparation"
10444,Literature & Fiction Reader,Literature & Fiction,"Fantasy, Horror & Science Fiction, Biographies, Diaries & True Accounts"
10445,History Reader,History,"Biographies, Diaries & True Accounts, Language, Linguistics & Writing"
10446,Engineering Student,Engineering,"Higher Education Textbooks, Exam Preparation"
10447,Engineering Student,Engineering,"Higher Education Textbooks, Exam Preparation"
10448,Fantasy / Horror / Sci-Fi Reader,"Fantasy, Horror & Science Fiction","Literature & Fiction, Children's Books"
10449,History Reader,History,"Biographies, Diaries & True Accounts, Language, Linguistics & Writing"
10450,Exam Preparation Student,Exam Preparation,"Higher Education Textbooks, Engineering"
10451,Language & Writing Enthusiast,"Language, Linguistics & Writing","Literature & Fiction, Arts, Film & Photography"
10452,History Reader,History,"Biographies, Diaries & True Accounts, Language, Linguistics & Writing"
10453,Crime & Mystery Reader,"Crime, Thriller & Mystery","Fantasy, Horror & Science Fiction, Literature & Fiction"
10454,Exam Preparation Student,Exam Preparation,"Higher Education Textbooks, Engineering"
10455,Fantasy / Horror / Sci-Fi Reader,"Fantasy, Horror & Science Fiction","Literature & Fiction, Children's Books"
10456,Arts & Photography Enthusiast,"Arts, Film & Photography","Crafts, Home & Lifestyle, Language, Linguistics & Writing"
10457,History Reader,History,"Biographies, Diaries & True Accounts, Language, Linguistics & Writing"
10458,Crafts & Lifestyle Reader,"Crafts, Home & Lifestyle","Health, Family & Personal Development, Business & Economics"
10459,Higher Education Student,Higher Education Textbooks,"Engineering, Exam Preparation"
10460,Engineering Student,Engineering,"Higher Education Textbooks, Exam Preparation"
10461,Higher Education Student,Higher Education Textbooks,"Engineering, Exam Preparation"
10462,History Reader,History,"Biographies, Diaries & True Accounts, Language, Linguistics & Writing"
10463,Higher Education Student,Higher Education Textbooks,"Engineering, Exam Preparation"
10464,History Reader,History,"Biographies, Diaries & True Accounts, Language, Linguistics & Writing"
10465,Crafts & Lifestyle Reader,"Crafts, Home & Lifestyle","Health, Family & Personal Development, Business & Economics"
10466,Crafts & Lifestyle Reader,"Crafts, Home & Lifestyle","Health, Family & Personal Development, Business & Economics"
10467,Fantasy / Horror / Sci-Fi Reader,"Fantasy, Horror & Science Fiction","Literature & Fiction, Children's Books"
10468,Higher Education Student,Higher Education Textbooks,"Engineering, Exam Preparation"
10469,History Reader,History,"Biographies, Diaries & True Accounts, Language, Linguistics & Writing"
10470,Language & Writing Enthusiast,"Language, Linguistics & Writing","Literature & Fiction, Arts, Film & Photography"
10471,Arts & Photography Enthusiast,"Arts, Film & Photography","Crafts, Home & Lifestyle, Language, Linguistics & Writing"
10472,History Reader,History,"Biographies, Diaries & True Accounts, Language, Linguistics & Writing"
10473,Crafts & Lifestyle Reader,"Crafts, Home & Lifestyle","Health, Family & Personal Development, Business & Economics"
10474,Language & Writing Enthusiast,"Language, Linguistics & Writing","Literature & Fiction, Arts, Film & Photography"
10475,Health & Self-Help Reader,"Health, Family & Personal Development","Business & Economics, Crafts, Home & Lifestyle"
10476,Fantasy / Horror / Sci-Fi Reader,"Fantasy, Horror & Science Fiction","Literature & Fiction, Children's Books"
10477,Crafts & Lifestyle Reader,"Crafts, Home & Lifestyle","Health, Family & Personal Development, Business & Economics"
10478,Higher Education Student,Higher Education Textbooks,"Engineering, Exam Preparation"
10479,Crafts & Lifestyle Reader,"Crafts, Home & Lifestyle","Health, Family & Personal Development, Business & Economics"
10480,History Reader,History,"Biographies, Diaries & True Accounts, Language, Linguistics & Writing"
10481,Business & Economics Reader,Business & Economics,"Health, Family & Personal Development, Higher Education Textbooks"
10482,Children's Book Reader,Children's Books,"Language, Linguistics & Writing, Literature & Fiction"
10483,Engineering Student,Engineering,"Higher Education Textbooks, Exam Preparation"
10484,History Reader,History,"Biographies, Diaries & True Accounts, Language, Linguistics & Writing"
10485,Crime & Mystery Reader,"Crime, Thriller & Mystery","Fantasy, Horror & Science Fiction, Literature & Fiction"
10486,Fantasy / Horror / Sci-Fi Reader,"Fantasy, Horror & Science Fiction","Literature & Fiction, Children's Books"
10487,Health & Self-Help Reader,"Health, Family & Personal Development","Business & Economics, Crafts, Home & Lifestyle"
10488,Exam Preparation Student,Exam Preparation,"Higher Education Textbooks, Engineering"
10489,Exam Preparation Student,Exam Preparation,"Higher Education Textbooks, Engineering"
10490,Business & Economics Reader,Business & Economics,"Health, Family & Personal Development, Higher Education Textbooks"
10491,Crafts & Lifestyle Reader,"Crafts, Home & Lifestyle","Health, Family & Personal Development, Business & Economics"
10492,Fantasy / Horror / Sci-Fi Reader,"Fantasy, Horror & Science Fiction","Literature & Fiction, Children's Books"
10493,Biography & History Reader,"Biographies, Diaries & True Accounts","History, Language, Linguistics & Writing"
10494,Fantasy / Horror / Sci-Fi Reader,"Fantasy, Horror & Science Fiction","Literature & Fiction, Children's Books"
10495,Crime & Mystery Reader,"Crime, Thriller & Mystery","Fantasy, Horror & Science Fiction, Literature & Fiction"
10496,Business & Economics Reader,Business & Economics,"Health, Family & Personal Development, Higher Education Textbooks"
10497,Language & Writing Enthusiast,"Language, Linguistics & Writing","Literature & Fiction, Arts, Film & Photography"
10498,Crafts & Lifestyle Reader,"Crafts, Home & Lifestyle","Health, Family & Personal Development, Business & Economics"
10499,Arts & Photography Enthusiast,"Arts, Film & Photography","Crafts, Home & Lifestyle, Language, Linguistics & Writing"
