ISBN,Node_Index
9781938938160,500
9780399179006,501
9781408824856,502
9781472290694,503
9780008276973,504
9781510054585,505
9781338325591,506
9781615931712,507
9780385339032,508
9781444724585,509
9789391149758,510
9781647291495,511
9780060391683,512
9781501187636,513
9781460710876,514
9780144000265,515
9780143448990,516
9788194525974,517
9780143433002,518
9780671604295,519
9780198723097,520
9789354929748,521
9789354895845,522
9780993203008,523
9781506721705,524
9780140127225,525
9780063087774,526
9780786860708,527
9781477303733,528
9789387669253,529
9789388070973,530
9786067892864,531
9789357026727,532
9781802805567,533
9781803093178,534
9783526528227,535
9780393351385,536
9781401229894,537
9781035031580,538
9780874776942,539
9781524798666,540
9781495011351,541
9781472297068,542
9780857360007,543
9789390678587,544
9781457431210,545
9780593500774,546
9780747548409,547
9789895648962,548
9781457420641,549
9781786013453,550
9781636406886,551
9780857364319,552
9781616770969,553
9798894755557,554
9780992550714,555
9789391800475,556
9781786013521,557
9781544687476,558
9781472241467,559
9781781105528,560
9780571235568,561
9789388689786,562
9788194898832,563
9780141906270,564
9798652464264,565
9780008276942,566
9780451527318,567
9781476845623,568
9781529413113,569
9781447439332,570
9781608685486,571
9781780936383,572
9781439107393,573
9788120809086,574
9781472288561,575
9781472261281,576
9781953884992,577
9781848420496,578
9789355209825,579
9798654359599,580
9780198604181,581
9780307830630,582
9780143445258,583
9780141036731,584
9781656470997,585
9789356291713,586
9781419743191,587
9780525658146,588
9789357086882,589
9781733989633,590
9789356813472,591
9789356813632,592
9781409181620,593
9789394168596,594
9789394168510,595
9780883960165,596
9789395101011,597
9780141035819,598
9789395101004,599
9789356811096,600
9789395101028,601
9789395101752,602
9789351035497,603
9789356811058,604
9781631592966,605
9781910695050,606
9789392837258,607
9789395101677,608
9789356812116,609
9789354922251,610
9789389310733,611
9781839647338,612
9789357086226,613
9780486811246,614
9780593449240,615
9789356810822,616
9783836531542,617
9780062905154,618
9789394168244,619
9780241400708,620
9780465093069,621
9789053496794,622
9781440571541,623
9781984897398,624
9789356811621,625
9781804182529,626
9780385484510,627
9789353456443,628
9780718188863,629
9780143474296,630
9788190256209,631
9789354928956,632
9798893310962,633
9781804090633,634
9789380676371,635
9789354928703,636
9789354894459,637
9789388369046,638
9783956763182,639
9781501135910,640
9791041985326,641
9788119989898,642
9789386651600,643
9788120725249,644
9789362053206,645
9789358560572,646
9789390652457,647
9780743200400,648
9781591845324,649
9781953953247,650
9789351860839,651
9789353050337,652
9781848317680,653
9780241996324,654
9780143464617,655
9789354926136,656
9789354928284,657
9789356993563,658
9789389243123,659
9789354926709,660
9789351187301,661
9789353769819,662
9789355219244,663
9780369348906,664
9781471411632,665
9781849545433,666
9789389647242,667
9781846046384,668
9780143443155,669
9789356997110,670
9789351180555,671
9780141986005,672
9781471411465,673
9789357027519,674
9780670090303,675
9780143423928,676
9789354409660,677
9789354923678,678
9781471411533,679
9781846048395,680
9781881373070,681
9788174368942,682
9780353275195,683
9781401937539,684
9789391149291,685
9781982137274,686
9781804091043,687
9788119792597,688
9789390166268,689
9780071433341,690
9781443460712,691
9780385676519,692
9789354408380,693
9780063356733,694
9798998801228,695
9781250865045,696
9780241982297,697
9781846140556,698
9789353043551,699
9789773772598,700
9780061745171,701
9798870369396,702
9781509866113,703
9780801563669,704
9789355217103,705
9798995567004,706
9789356991354,707
9798893312010,708
9781416502494,709
9780062359803,710
9780345472328,711
9788119153442,712
9781591842804,713
9780061899874,714
9798556993747,715
9781473535169,716
9780486478999,717
9780557083206,718
9789355201287,719
9798896327271,720
9780063497474,721
9781932429350,722
9791222454405,723
9780691263632,724
9789356296572,725
9789348098559,726
9788128400483,727
9789313168805,728
9789390378548,729
9780975601464,730
9788175994409,731
9781625274496,732
9781447261261,733
9780231555074,734
9789362141613,735
9780231552110,736
9786155643071,737
9781482850888,738
9780671472122,739
9789390924219,740
9780593467428,741
9781585426591,742
9789390166275,743
9780757316029,744
9788184951332,745
9781473680371,746
9781530830657,747
9789356400320,748
9780984358106,749
9781647825621,750
9780307887917,751
9780670069323,752
9781982172008,753
9780241983881,754
9789360452964,755
9781510019430,756
9780241981344,757
9780753550663,758
9781491903117,759
9780735200661,760
9780190078973,761
9781783085200,762
9781529937381,763
9788184007527,764
9789356991491,765
9781529350104,766
9781625274502,767
9780753555637,768
9780385468473,769
9780552167833,770
9780670093946,771
9789356994782,772
9788184007558,773
9780241982280,774
9781399804455,775
9781760985240,776
9781612680569,777
9789357083799,778
9789352140046,779
9788184006490,780
9780615978628,781
9789389109849,782
9781400225415,783
9781942788300,784
9781444792478,785
9789393757029,786
9780609504239,787
9781119523260,788
9789354404009,789
9789354403934,790
9780141380933,791
9789389432350,792
9780241959565,793
9789388144940,794
9780593175002,795
9781338139082,796
9789354406539,797
9789354404634,798
9781408378458,799
9780723296232,800
9789389567403,801
9780735229358,802
9780008411312,803
9789354405389,804
9781409306689,805
9789390093625,806
9789356295513,807
9789354404016,808
9789357088220,809
9780241787410,810
9781408354414,811
9789354400124,812
9789354403668,813
9789387779716,814
9780241578605,815
9780241379141,816
9781408349045,817
9780241252673,818
9780545415606,819
9789354404498,820
9789353766382,821
9780545030106,822
9780241440667,823
9781509851577,824
9789354404566,825
9780143446019,826
9780007423194,827
9780140326710,828
9781509808328,829
9789358569865,830
9781447200611,831
9780593092934,832
9781338848007,833
9781665979542,834
9789388810746,835
9789387779730,836
9789388144971,837
9789354404542,838
9789354405365,839
9789388144049,840
9789387779761,841
9789354405327,842
9789388144957,843
9789389432367,844
9780241502334,845
9789390183562,846
9789386538604,847
9789354405068,848
9781368078351,849
9789354402937,850
9780547248288,851
9789388144056,852
9780008283308,853
9781965347126,854
9780007260478,855
9789354404702,856
9789354404962,857
9798855145168,858
9780375968488,859
9789389178463,860
9780241659670,861
9789354404627,862
9780143464822,863
9781984896711,864
9780149053846,865
9780794533779,866
9780593094396,867
9781597020145,868
9781035067022,869
9781984835376,870
9789354401121,871
9780241244432,872
9789354403743,873
9789358567403,874
9789387779723,875
9789354404283,876
9780241583159,877
9789354921360,878
9788171672882,879
9781432869496,880
9789354404771,881
9798885782678,882
9788993055030,883
9798998582875,884
9781419741999,885
9780241396957,886
9780141347721,887
9789390093960,888
9781613125885,889
9780141385259,890
9781613122488,891
9780143447078,892
9780141347684,893
9780545935456,894
9780143497639,895
9780141347752,896
9780141373034,897
9789358565164,898
9789389567380,899
9780545331326,900
9781338801934,901
9789388369022,902
9789354400889,903
9781419751660,904
9781647004163,905
9789354403392,906
9780545393812,907
9781473598140,908
9780008333799,909
9789388369060,910
9789354404191,911
9789354404436,912
9780986444159,913
9781958388204,914
9781943330058,915
9781965347935,916
9781960507921,917
9780008156312,918
9781958388952,919
9789354402005,920
9798885780889,921
9781943330744,922
9781960507938,923
9781760295646,924
9781943330614,925
9781965347676,926
9781943330973,927
9780545520492,928
9781771672450,929
9781960507617,930
9781732626508,931
9781442430105,932
9780399242861,933
9781338064520,934
9781960927026,935
9780679812685,936
9781426323300,937
9781960927101,938
9781534451360,939
9780007323272,940
9788187108948,941
9789387779815,942
9789391924294,943
9789390183005,944
9789388369794,945
9781780552491,946
9781442451322,947
9798738395635,948
9789354404924,949
9798648372467,950
9780694011100,951
9789388369817,952
9789389717006,953
9789388144025,954
9789389432695,955
9789390183548,956
9789389432688,957
9789354404764,958
9789352769261,959
9789390183586,960
9789389432886,961
9789354404849,962
9781780555409,963
9781524714758,964
9781405298612,965
9788027343164,966
9781444932386,967
9780593178751,968
9780593485019,969
9798523085741,970
9780316480802,971
9798855007664,972
9780241765876,973
9781444935189,974
9781444958201,975
9780486856629,976
9780545393461,977
9781405266512,978
9780141375663,979
9780062250933,980
9781444924848,981
9798880920662,982
9780439128452,983
9781760295608,984
9781481422192,985
9780008211905,986
9781743433744,987
9781484469064,988
9781444958171,989
9780241621639,990
9781952535963,991
9780545393805,992
9780099470434,993
9781405282789,994
9789352661190,995
9780340678039,996
9780545659024,997
9781444929706,998
9781368002073,999
9789387779266,1000
9789354404603,1001
9789354406522,1002
9789354404528,1003
9789354405167,1004
9789354402388,1005
9789354406430,1006
9789391924690,1007
9789350105702,1008
9789350334423,1009
9789354404443,1010
9789350106013,1011
9789389717303,1012
9789354404689,1013
9789354403033,1014
9789327197402,1015
9788183896771,1016
9781401940652,1017
9789390183784,1018
9789313196488,1019
9789354402463,1020
9789326191074,1021
9789385273896,1022
9789354407062,1023
9789387779778,1024
9789358562033,1025
9788183896788,1026
9789327197396,1027
9780143432845,1028
9780143458005,1029
9781537911137,1030
9781965322543,1031
9789354407086,1032
9789358566000,1033
9781368098281,1034
9789357085885,1035
9788194525905,1036
9789354401596,1037
9788184754179,1038
9789358568264,1039
9789354927713,1040
9789385990175,1041
9789388369138,1042
9789353056933,1043
9780141381497,1044
9780141342566,1045
9789358565065,1046
9789389567397,1047
9780739350331,1048
9780141321288,1049
9781101916988,1050
9781484758601,1051
9780141382913,1052
9789354405419,1053
9789354405174,1054
9788187107460,1055
9781423162797,1056
9781035034581,1057
9789354403385,1058
9781796684834,1059
9789389432428,1060
9781742624068,1061
9798217124541,1062
9781338670837,1063
9780008472320,1064
9781526612960,1065
9780143453260,1066
9781250898456,1067
9781771672504,1068
9781742768670,1069
9781443124911,1070
9781526626691,1071
9781445158938,1072
9789356996328,1073
9780008588816,1074
9781631980138,1075
9781443124393,1076
9789353057640,1077
9781943330201,1078
9780241427347,1079
9780702348839,1080
9781665904964,1081
9781101653876,1082
9781743832318,1083
9781536462142,1084
9781536208689,1085
9789391234263,1086
9781547614486,1087
9781943330737,1088
9781524741730,1089
9780747574477,1090
9780747573616,1091
9781408855911,1092
9780241558300,1093
9781408869161,1094
9781471418297,1095
9780553151749,1096
9781526620293,1097
9780141335742,1098
9798885795111,1099
9780345453747,1100
9780141342603,1101
9780141339184,1102
9781526666321,1103
9781509851553,1104
9781774882986,1105
9780241535141,1106
9798217042760,1107
9798295206443,1108
9780008724764,1109
9781368024136,1110
9798855068740,1111
9780141355412,1112
9781338554274,1113
9781250076977,1114
9798855015096,1115
9781368051446,1116
9788119670642,1117
9780573700323,1118
9788129141996,1119
9781408834985,1120
9788187108207,1121
9780747570738,1122
9780747591085,1123
9780008256944,1124
9781726216777,1125
9780747589945,1126
9780141352015,1127
9789389053135,1128
9789390391608,1129
9780241427361,1130
9780723281221,1131
9789388144988,1132
9789354402715,1133
9789354403279,1134
9780241379127,1135
9789354403514,1136
9789389717259,1137
9780241379103,1138
9789390183555,1139
9789354402784,1140
9780143333388,1141
9780241801574,1142
9781471196867,1143
9789388810630,1144
9781509806102,1145
9789393267030,1146
9780143331513,1147
9780143459118,1148
9780143455370,1149
9781780556178,1150
9798894410067,1151
9781471729034,1152
9780752265629,1153
9781786898562,1154
9798886500479,1155
9781949651638,1156
9781476744872,1157
9781805222088,1158
9781802804966,1159
9780486272986,1160
9781956769005,1161
9780399579745,1162
9780593582268,1163
9781761561023,1164
9781612438634,1165
9780399579721,1166
9781585429196,1167
9789355208842,1168
9781944515683,1169
9781989120989,1170
9789063695330,1171
9789063697174,1172
9788179251287,1173
9780141986395,1174
9789390260041,1175
9789354925931,1176
9780465072996,1177
9781668045572,1178
9789356295384,1179
9781419764394,1180
9781419766374,1181
9781787830783,1182
9798878508711,1183
9789382573036,1184
9788120792128,1185
9781981390816,1186
9781550924794,1187
9781426215889,1188
9788196011802,1189
9781508672197,1190
9780525505105,1191
9780062748805,1192
9781524744311,1193
9798848621181,1194
9780143444626,1195
9798329423839,1196
9781780286136,1197
9781668002841,1198
9780062820341,1199
9789356994744,1200
9781898130017,1201
9781648287510,1202
9781784745011,1203
9781530728855,1204
9781785040443,1205
9781526645951,1206
9781847651402,1207
9789360876357,1208
9780141908762,1209
9780241371862,1210
9780525506287,1211
9789357087223,1212
9780241552063,1213
9789354923500,1214
9789354927911,1215
9789354923968,1216
9781529401325,1217
9780525506263,1218
9789354895579,1219
9780143452485,1220
9789353052058,1221
9789354929762,1222
9781520975672,1223
9780008564834,1224
9781405932677,1225
9781913682118,1226
9789354891670,1227
9780241283912,1228
9781593306458,1229
9781743791714,1230
9780008305550,1231
9781398717206,1232
9798552053032,1233
9780718156848,1234
9780857199539,1235
9798581186916,1236
9789353056469,1237
9781423662617,1238
9780380718153,1239
9798652408466,1240
9781844775316,1241
9781984856623,1242
9781839909979,1243
9781984861641,1244
9789354926716,1245
9788129144973,1246
9789895648269,1247
9781803144382,1248
9789814954853,1249
9789356999848,1250
9789356291379,1251
9781542040464,1252
9780349132860,1253
9786020633916,1254
9781681958071,1255
9781472154644,1256
9789354921490,1257
9789357083003,1258
9780062868954,1259
9789353768966,1260
9789373034386,1261
9789395192224,1262
9781627792127,1263
9781501190117,1264
9781925480535,1265
9780008474362,1266
9781780896410,1267
9789355430601,1268
9789354929564,1269
9781529022049,1270
9798643660491,1271
9789357087797,1272
9781982179014,1273
9789355014467,1274
9780077496128,1275
9781292420080,1276
9781718502345,1277
9781118476734,1278
9788121924962,1279
9783950485417,1280
9780073380575,1281
9780133356038,1282
9780198089131,1283
9780321972101,1284
9788131721018,1285
9789391818715,1286
9788185749754,1287
9789352838363,1288
9788131762189,1289
9788177588989,1290
9788121924375,1291
9788121939096,1292
9781644295533,1293
9788131710265,1294
9789363486317,1295
9780470695197,1296
9781524748258,1297
9781119770763,1298
9781292026565,1299
9780486434841,1300
9781394251575,1301
9781316632932,1302
9780387310732,1303
9781292023946,1304
9789389480511,1305
9789350123485,1306
9789325797567,1307
9789350127353,1308
9789350121276,1309
9789327196504,1310
9789368900924,1311
9789350127643,1312
9788178125367,1313
9789350128121,1314
9789387604513,1315
9789386298836,1316
9789389480474,1317
9789390239207,1318
9789386298225,1319
9789390297306,1320
9789388642101,1321
9789350125175,1322
9789389480481,1323
9789386298195,1324
9789355558930,1325
9789358897920,1326
9789359585314,1327
9789356344846,1328
9789359584362,1329
9781393638063,1330
9789359587615,1331
9789359981185,1332
9789368402695,1333
9789355641250,1334
9789362258601,1335
9789348203168,1336
9789352036592,1337
9789324192660,1338
9789325792708,1339
9789325798014,1340
9788174822413,1341
9788173177941,1342
9780071775304,1343
9789355216403,1344
9788178123684,1345
9788173158759,1346
9789350121665,1347
9789386845641,1348
9789387604209,1349
9788178125046,1350
9789313197133,1351
9789325794917,1352
9798630240729,1353
9781264842292,1354
9788194742616,1355
9789354881008,1356
9781260467369,1357
9789327198010,1358
9789390711956,1359
9781471406454,1360
9781760788629,1361
9789354407338,1362
9780593438374,1363
9781623651442,1364
9780349436982,1365
9780671461492,1366
9789362145369,1367
9781408826133,1368
9789353451882,1369
9780349437057,1370
9789380658797,1371
9781780874005,1372
9781635577716,1373
9789362140258,1374
9781408865415,1375
9789356995697,1376
9781785766886,1377
9781681445038,1378
9781250343178,1379
9789389931891,1380
9789354402173,1381
9781387282258,1382
9782280600705,1383
9780385535502,1384
9789358568226,1385
9789357316354,1386
9781471407772,1387
9781501143106,1388
9781542046152,1389
9789354406249,1390
9781473227996,1391
9781916277182,1392
9781250855145,1393
9780525559733,1394
9780375703768,1395
9798317901462,1396
9781409181682,1397
9781324095323,1398
9781442408944,1399
9798675385850,1400
9781250902450,1401
9788193655603,1402
9780486784755,1403
9780751583694,1404
9781473228801,1405
9783689951016,1406
9781680307672,1407
9789356294561,1408
9789387944763,1409
9789388241908,1410
9781585095568,1411
9781529902402,1412
9781647390983,1413
9781548318468,1414
9789083023861,1415
9789357084987,1416
9780857199096,1417
9781588361738,1418
9789358569018,1419
9781668069530,1420
9789354928758,1421
9780593512296,1422
9789358560381,1423
9781524704551,1424
9789358569568,1425
9798986406510,1426
9789083023847,1427
9788186775219,1428
9789356997790,1429
9781797221311,1430
9789351772071,1431
9781668065969,1432
9789390914227,1433
9781760630737,1434
9780981951249,1435
9789356993327,1436
9789353451714,1437
9798998891816,1438
9780071752114,1439
9789389802559,1440
9781847651310,1441
9780593715833,1442
9781403930897,1443
9781621291657,1444
9789391028589,1445
9780349426129,1446
9789362143495,1447
9780143456476,1448
9789394407015,1449
9789357082594,1450
9781935785132,1451
9789390327539,1452
9789356994287,1453
9781737475712,1454
9789356995260,1455
9781957999043,1456
9789352837328,1457
9789357080248,1458
9780984782857,1459
9788192107547,1460
9780593593967,1461
9781492078005,1462
9781101970317,1463
9789347231902,1464
9780199678112,1465
9781718502703,1466
9781292405513,1467
9780007547999,1468
9789688802052,1469
9781492032618,1470
9781491950333,1471
9780134610993,1472
9781473575608,1473
9781259004612,1474
9781492041108,1475
9780078022098,1476
9788177228366,1477
9788126579907,1478
9780199480173,1479
9780771010439,1480
9788177587654,1481
9780078022159,1482
9789387284944,1483
9781492041917,1484
9781449331443,1485
9780141982410,1486
9780133489903,1487
9781250404855,1488
9781491952009,1489
9781736049129,1490
9780593238295,1491
9780133522853,1492
9780262046305,1493
9780073523408,1494
9788176561068,1495
9788122415520,1496
9788121906548,1497
9780534422004,1498
9781260723106,1499
9788190619509,1500
9789391103231,1501
9781594205071,1502
9781328662057,1503
9789391724948,1504
9781803093543,1505
9789387918573,1506
9789356995833,1507
9780593083888,1508
9780205982578,1509
9789353063191,1510
9783804639126,1511
9781635576818,1512
9781644210697,1513
9780521779135,1514
9789356993082,1515
9788175994140,1516
9780062968722,1517
9780063142381,1518
9781571315991,1519
9780593653661,1520
9789356994713,1521
9780143425656,1522
9789357088978,1523
9789356994669,1524
9781250880949,1525
9789357312660,1526
9789356995536,1527
9789389178111,1528
9788187107583,1529
9781611806885,1530
9780143029892,1531
9781528774888,1532
9780785850724,1533
9789356618060,1534
9780141914527,1535
9780670086399,1536
9780670090433,1537
9781613824009,1538
9789354927041,1539
9780141910819,1540
9789354582233,1541
9789392510366,1542
9780691208015,1543
9781405944465,1544
9780871138002,1545
9781605203287,1546
9780140449280,1547
9788184750348,1548
9780349122380,1549
9780140455113,1550
9780691148182,1551
9781844670208,1552
9789358568172,1553
9780143433163,1554
9780671741907,1555
9781089356400,1556
9781603293525,1557
9789387779297,1558
9781472298409,1559
9780062031525,1560
9781925307443,1561
9781408866115,1562
9781607742456,1563
9781399809665,1564
9781433832161,1565
9780743421041,1566
9789365693102,1567
9789388810623,1568
9788122300338,1569
9781464234255,1570
9781580628556,1571
9789388810609,1572
9788122300260,1573
9780062250506,1574
9780998203492,1575
9781643990026,1576
9781509852840,1577
9789364550161,1578
9789357788496,1579
9789364551090,1580
9789371262255,1581
9789364554435,1582
9789364559249,1583
9789375615668,1584
9789357785952,1585
9789364559584,1586
9789371268219,1587
9789356226623,1588
9789364551854,1589
9789364552424,1590
9789364558594,1591
9789356225985,1592
9789357785556,1593
9789364557948,1594
9789364555166,1595
9789357787888,1596
9789371268844,1597
9789357781831,1598
9789364550093,1599
9789362055026,1600
9781087318844,1601
9780008123208,1602
9780307957733,1603
9788026837169,1604
9780486114132,1605
9781785139949,1606
