Count,count
The Very Hungry Caterpillar [Board book] Eric Carle,2754
"The Great Indian Cricket Circus: Amazing Facts, Stats and Everything in Between",1445
"201 Amazing Activity Book - Fun Activities and Puzzles For Children: Spot The Difference, Logical Reasoning, Patterns & Tracing",1024
Elon Musk (B),886
My First 365 Coloring Book Jumbo Coloring Book For Kids With Tear Out Sheets,790
Tom Gates 2: Excellent Excuses (And Other Good Stuff) (Tom Gates series),766
Baby Touch: Tummy Time [Board book] Ladybird,745
"PW NCERT Punch Physics, Chemistry and Biology Set of 3 Books Combo for Competitive Exams (NEET and CUET) | Includes A&R and Statement Type Questions Edition 2023-2024",732
My First Illustrated Bible Stories Old Testament Boxed Set of 10 Books,699
BTR BONUS PLUS BTR ANNOTED FILLED BOOKS FULLY COLOUR DR ZAINAB VORA ANNOTED ALL-19 SUBJECTS,618
INDIA: Fun Activity Book for Children - 80+ Stickers Included | Page Count: 40 | Age Group: 7+ | Engaging Activities/Puzzles to Boost Knowledge | Recognize Indian Food | Monuments | Indian Wildlife | Diverse Indian Culture | National Parks in India | Explore India’s Rich Cultural Heritage | Perfect Gift for Kids,613
Diary of a Wimpy Kid Box Set - Books 1 -,608
"108 Panchatantra Story Book for Kids (Hindi) (Illustrated) - Panchatantra Ki Kahaniyan - Story Book for Kids - Moral Stories - Bedtime Stories - 3 Years to 10 Years Old - Read Aloud to Infants, Toddlers",589
"Experimental Physics, Practical Chemistry, Experimental Biology for NEET-UG in English (Set of 3 books Combo) by ALLEN",585
High Street Fashion Coloring book for adults,581
Minecraft Books: Diary of a Minecraft Zombie Book 14: Cloudy with a Chance of Apocalypse,575
11 Rules For Life: Secrets to Level Up,571
What the Ladybird Heard at Christmas: The Perfect Christmas Gift,569
Nehru And Bose : Parallel Lives,567
Harry Potter and the Prisoner of Azkaban,540
